,Unnamed: 0,date,title,cleaned title
0,0,2021-12-01,"Genoa Vs AC Milan, Shevchenko Ingin Buat Mantan Klub Kesulitan",genoa vs ac mil shevchenko ingin buat mantan klub sulit
1,1,2021-12-01,ODHA di Depok Masih Dapat Stigma Negatif,odha di depok masih dapat stigma negatif
2,2,2021-12-01,Pemprov Jakarta Bentuk Tim Khusus Awasi Alat Makan Bahan Melamin Tak Ber-SNI,pemprov jakarta bentuk tim khusus awas alat makan bahan melamin tak bersni
3,3,2021-12-01,Penonton Lokal Piala AFF 2020 Acuhkan 5 Aturan Ini,tonton lokal piala aff acuh atur ini
4,4,2021-12-01,"Pada Akhir Pekan, Penumpang di Bandara Soekarno-Hatta Capai 90.000 Orang",pada akhir pekan tumpang di bandara soekarnohatta capai orang
5,5,2021-12-01,"PPKM Level 2, Regulasi PTM di Jakarta Barat Tidak Berubah",ppkm level regulasi ptm di jakarta barat tidak ubah
6,6,2021-12-01,"Link Live Streaming Bologna Vs Roma, Kick-off Pukul 00.30 WIB",link live streaming bologna vs roma kickoff pukul wib
7,7,2021-12-01,"Singgung Varian Corona Omicron, Menlu Ungkap 4 Agenda RI Wujudkan Visi 2045",singgung varian corona omicron menlu ungkap agenda ri wujud visi
8,8,2021-12-01,"Real Madrid Vs Athletic Bilbao, Singa Basque Wajib Waspadai Benzema",real madrid vs athletic bilbao singa basque wajib waspada benzema
9,9,2021-12-01,Pelatih Timnas China Akui Kesulitan lantaran Covid-19,latih timnas china aku sulit lantar covid
10,10,2021-12-01,"Mensos Ingatkan Guru Ajarkan Siswa Tak ""Bully"" Penyandang Disabilitas",mensos ingat guru ajar siswa tak bully sandang disabilitas
11,11,2021-12-01,"Link Live Streaming Inter Milan Vs Spezia, Kick-off Pukul 00.30 WIB",link live streaming inter mil vs spezia kickoff pukul wib
12,12,2021-12-01,Ragam Istilah Teknis pada AC yang Perlu Diketahui,ragam istilah teknis pada ac yang perlu tahu
13,13,2021-12-01,"Massa Reuni 212 Bakal Kumpul di Patung Kuda, Ini Respons Wagub DKI",massa reuni bakal kumpul di patung kuda ini respons wagub dki
14,14,2021-12-01,MyPertamina Fair 2021 Siap Manjakan Pelanggan Setia Pertamina,mypertamina fair siap manja langgan setia pertamina
15,15,2021-12-01,"Dugaan Korupsi Dana KONI Padang, Pengurus Cabor Minta Kejari Usut Aliran Dana",duga korupsi dana koni padang urus cabor minta kejar usut alir dana
16,16,2021-12-01,"Daftar 5 ""Veteran"" di Skuad Timnas Indonesia untuk Piala AFF 2020",daftar veteran di skuad timnas indonesia untuk piala aff
17,17,2021-12-01,Ambisi Guangzhou FC Raih Kali Kesembilan Juara Liga Super China,ambisi guangzhou fc raih kali sembilan juara liga super china
18,18,2021-12-01,"Selidiki Tewasnya Anggota FBR Joglo, Polisi: Pemeriksaan Saksi Tanpa Bawa Nama Ormas",selidik tewas anggota fbr joglo polisi periksa saksi tanpa bawa nama ormas
19,19,2021-12-01,Gunung Merapi Keluarkan 2 Awan Panas Guguran Malam Ini,gunung rapi keluar awan panas gugur malam ini
20,20,2021-12-01,"Jokowi Lantik Anggota Komnas Disabilitas, Mensos: Beban Saya Turun",jokowi lantik anggota komnas disabilitas mensos beban saya turun
21,21,2021-12-01,Warga Akan Patungan jika Pemkot Tak Segera Ganti Tutup Gorong-gorong di Margonda yang Hilang,warga akan patungan jika pemkot tak segera ganti tutup goronggorong di margonda yang hilang
22,22,2021-12-01,"Cilegon Berpotensi Tsunami 8 Meter, Wali Kota Minta Alarm Tanda Bahaya Dicek",cilegon potensi tsunami meter wali kota minta alarm tanda bahaya cek
23,23,2021-12-01,Kunto Aji Sebut Lagu Terlalu Lama Sendiri Selamatkan Kariernya,kunto aji sebut lagu terlalu lama sendiri selamat karier
24,24,2021-12-01,6 Langkah Ini Jadi Kewajiban Tim di Piala AFF 2020,langkah ini jadi wajib tim di piala aff
25,25,2021-12-01,"Disenggol Mobil di Flyover Pekanbaru, Pemotor Tewas Terjatuh dari Ketinggian 5 Meter",senggol mobil di flyover pekanbaru motor tewas jatuh dari tinggi meter
26,26,2021-12-01,Alex Pina Ungkap Pandangannya untuk Money Heist yang Tamat di Season 5 Volume 2,alex pina ungkap pandang untuk money heist yang tamat di season volume
27,27,2021-12-01,"Catat, 4 Benda Ini Tidak Boleh Dibuang Sembarangan",catat benda ini tidak boleh buang sembarang
28,28,2021-12-01,"Harga Minyak Goreng di Jakut Tembus Rp 22.000 per Liter, Pedagang: Naik Terus Tiap Minggu",harga minyak goreng di jakut tembus rp per liter dagang naik terus tiap minggu
29,29,2021-12-01,"UPDATE: Tambah 70 Kasus di Jakarta, 462 Pasien Covid-19 Masih Dirawat",update tambah kasus di jakarta pasien covid masih rawat
30,30,2021-12-01,"MIN 1, MTsN 1 dan MAN 2 Banyumas Persiapkan Diri Menuju Madrasah Berasrama",min mtsn dan man banyumas siap diri tuju madrasah asrama
31,31,2021-12-01,"Pernah Alami Penyumbatan Empedu, Kunto Aji Rasakan Sakit sampai Kurus",pernah alami sumbat empedu kunto aji rasa sakit sampai kurus
32,32,2021-12-01,"Money Heist Season 5 Volume 2 Siap Tayang, Apa Perbedaannya dengan Volume 1?",money heist season volume siap tayang apa beda dengan volume
33,33,2021-12-01,Pengusaha Properti dan DPRD Gresik Bantu Warga Terdampak Banjir Kali Lamong,usaha properti dan dprd gresik bantu warga dampak banjir kali lamong
34,34,2021-12-01,"BWF World Tour Finals, Alasan Kevin Tampil Beda Pakai ""Headband""",bwf world tour finals alas kevin tampil beda pakai headband
35,35,2021-12-01,Taat Prokes di Fasyankes dan Kolaborasi Multipihak Jadi Kunci Pencegahan Stunting,taat prokes di fasyankes dan kolaborasi multipihak jadi kunci cegah stunting
36,36,2021-12-01,Polisi Sebut Terduga Teroris di Luwu Timur Pernah Berlatih Pakai Senpi M16,polisi sebut duga teroris di luwu timur pernah latih pakai senpi m
37,37,2021-12-01,Raditya Dika Telah Siapkan Dana Pernikahan Anaknya yang Masih Berusia 2 Tahun,raditya dika telah siap dana nikah anak yang masih usia tahun
38,38,2021-12-01,Respons Sahroni Diminta Mundur sebagai Ketua Pelaksana Formula E Jakarta,respons sahroni minta mundur bagai ketua laksana formula e jakarta
39,39,2021-12-01,"Buruh Protes UMP 2022, Menteri Bahlil: Yang Penting Dapat Gaji",buruh protes ump menteri bahlil yang penting dapat gaji
40,40,2021-12-01,"Usai Dirundung Pandemi Covid-19, Liga Super China Kembali Bangkit",usai rundung pandemi covid liga super china kembali bangkit
41,41,2021-12-01,"Hasil Olah TKP Kasus Pelecehan Seksual Mahasiswi Unsri, Dosen Paksa Korban Pegang Kemaluannya",hasil olah tkp kasus leceh seksual mahasiswi unsri dosen paksa korban pegang malu
42,42,2021-12-01,"Minta Parlemen Didik Taliban agar Tidak Terlihat sebagai Teroris, Politisi Malaysia Tuai Hujatan",minta parlemen didik talib agar tidak lihat bagai teroris politis malaysia tuai hujat
43,43,2021-12-01,Alasan Grealish Tidak Mau Main di Manchester United,alas grealish tidak mau main di manchester united
44,44,2021-12-01,"Kata Luhut, Turis di Bali Paling Irit Dibanding Thailand dan Malaysia",kata luhut turis di bal paling irit banding thailand dan malaysia
45,45,2021-12-01,"Hamil Jalani Pemeriksaan Polisi, Lesti Kejora: Enggak Kepikiran",hamil jalan periksa polisi lesti kejora enggak pikir
46,46,2021-12-01,10 Tips Mendekorasi Ruangan agar Lebih Nyaman dan Tertata,tips dekorasi ruang agar lebih nyaman dan tata
47,47,2021-12-01,"Cerita Kunto Aji Lalui Cobaan Berat, Tiba-tiba Sakit Ketika Ingin Wujudkan Mimpinya",cerita kunto aji lalu coba berat tibatiba sakit ketika ingin wujud mimpi
48,48,2021-12-01,"Besi Penutup Gorong-gorong di Margonda Dicuri, 2 Minggu Belum Diperbaiki",besi tutup goronggorong di margonda curi minggu belum baik
49,49,2021-12-01,8 Manfaat Perdagangan Internasional,manfaat dagang internasional
50,50,2021-12-01,Mengungkap Desain Jembatan Kretek 2 di Lokasi Rawan Gempa dan Likuifaksi,ungkap desain jembatan kretek di lokasi rawan gempa dan likuifaksi
51,51,2021-12-01,"2,5 Juta Warga Jakarta Belum Divaksin Covid-19 Dosis Kedua",juta warga jakarta belum vaksin covid dosis dua
52,52,2021-12-01,"Kecewa dengan Putusan Ganjar soal UMK, Buruh di Jateng Berencana Menggugat",kecewa dengan putus ganjar soal umk buruh di jateng rencana gugat
53,53,2021-12-01,BEM UI Pecat Seorang Pengurusnya Terkait Kekerasan Seksual,bem ui pecat orang urus kait keras seksual
54,54,2021-12-01,"Kunjungi Kapolri, Jenderal Dudung: Sowan sebagai Pejabat Baru KSAD",kunjung kapolri jenderal dudung sowan bagai jabat baru ksad
55,55,2021-12-01,"Hasil BWF World Tour Finals 2021: Marcus/Kevin Revans, Praveen/Melati Tumbang",hasil bwf world tour finals marcuskevin revans praveenmelati tumbang
56,56,2021-12-01,"Presiden PSG Buka Suara, Mbappe Batal Hijrah ke Real Madrid?",presiden psg buka suara mbappe batal hijrah ke real madrid
57,57,2021-12-01,"Setelah Tidak Lagi Syuting, Putri Patricia Sempat Kerja Kantoran",telah tidak lagi syuting putri patricia sempat kerja kantor
58,58,2021-12-01,Australia Tunda Buka Perbatasan akibat Varian Omicron,australia tunda buka batas akibat varian omicron
59,59,2021-12-01,"Hari AIDS Sedunia, Kenali Gejala HIV sejak Minggu Pertama Terinfeksi",hari aids dunia kenal gejala hiv sejak minggu pertama infeksi
60,60,2021-12-01,Cara Rian D'MASIV Tetap Aktif Bermusik dan Berbisnis di Masa Pandemi,cara rian dmasiv tetap aktif musik dan bisnis di masa pandemi
61,61,2021-12-01,"Raih Penghargaan FFI 2021, Film Nussa Bakal Tayang di Bioskop Online",raih harga ffi film nussa bakal tayang di bioskop online
62,62,2021-12-01,"Pembukaan Presidensi G20, Jokowi: Saya Undang Para Delegasi Datang ke Indonesia",buka presidensi g jokowi saya undang para delegasi datang ke indonesia
63,63,2021-12-01,"Laba Konsolidasi BUMN Capai Rp 61 Triliun, Industri Keuangan Penyumbang Terbesar",laba konsolidasi bumn capai rp triliun industri uang sumbang besar
64,64,2021-12-01,"22 Korban Penipuan Marinir Gadungan Berpangkat Mayjen Lapor ke Polisi, Kerugian Capai Rp 500 Juta",korban tipu marinir gadungan pangkat mayjen lapor ke polisi rugi capai rp juta
65,65,2021-12-01,6 Gejala Asam Urat yang Perlu Diwaspadai,gejala asam urat yang perlu waspada
66,66,2021-12-01,Kemenkes Sebut Varian Omicron Sudah Terdeteksi di 23 Negara,kemenkes sebut varian omicron sudah deteksi di negara
67,67,2021-12-01,"5 Restoran Fine Dining di Bali, Cocok untuk Liburan Romantis di Bali",restoran fine ning di bal cocok untuk libur romantis di bal
68,68,2021-12-01,BWF World Tour Finals: Marcus/Kevin Senang Revans atas Juara Olimpiade,bwf world tour finals marcuskevin senang revans atas juara olimpiade
69,69,2021-12-01,Sampah Antariksa Berkecepatan Tinggi Bikin Astronot Gagal Spacewalk,sampah antariksa cepat tinggi bikin astronot gagal spacewalk
70,70,2021-12-01,"Ayah di Ponorogo Cabuli 2 Anak Kandung Selama 8 Tahun, Pelaku Dilaporkan Istri ke Polisi",ayah di ponorogo cabul anak kandung lama tahun laku lapor istri ke polisi
71,71,2021-12-01,"Kota Bogor Turun ke PPKM Level 2, Kemungkinan karena Klaster PTM Terbatas",kota bogor turun ke ppkm level mungkin karena klaster ptm batas
72,72,2021-12-01,"Video Viral Hewan Mirip Jari Tangan, Apa Itu? Ini Penjelasan Ahli LIPI",video viral hewan mirip jari tangan apa itu ini jelas ahli lipi
73,73,2021-12-01,5 Tanda Kucing Marah dengan Pemiliknya,tanda kucing marah dengan milik
74,74,2021-12-01,Ini Deretan Hunian Perumnas yang Bisa Dipilih Warga Jabodetabek,ini deret huni perumnas yang bisa pilih warga jabodetabek
75,75,2021-12-01,Sikap Awal Push-up,sikap awal pushup
76,76,2021-12-01,"Terungkap, Sopir Angkutan Barang di Medan Dibunuh Sahabatnya karena Dendam",ungkap sopir angkut barang di medan bunuh sahabat karena dendam
77,77,2021-12-01,"Apa itu NPWP: Pengertian, Manfaat, Jenis, dan Fungsinya",apa itu npwp erti manfaat jenis dan fungsi
78,78,2021-12-01,Mensesneg: Untuk Pertama Kalinya Komnas Disabilitas Dibentuk,mensesneg untuk pertama kali komnas disabilitas bentuk
79,79,2021-12-01,"Empat Hari HST Kalsel Terendam Banjir, Pengungsi Mulai Keluhkan Gatal-gatal",empat hari hst kalsel rendam banjir ungsi mulai keluh gatalgatal
80,80,2021-12-01,"Kembali Hadir, FFFest 2021 Jadi Event Kolaborasi Online Terbesar di Indonesia",kembali hadir fffest jadi event kolaborasi online besar di indonesia
81,81,2021-12-01,"Tabrak Truk Fuso yang Sedang Berhenti di Bypass Bandara Lombok, Seorang Pengendara Motor Tewas",tabrak truk fuso yang sedang henti di bypass bandara lombok orang kendara motor tewas
82,82,2021-12-01,"Reksadana Pasar Uang: Definisi, Keuntungan, dan Risikonya",reksadana pasar uang definisi untung dan risiko
83,83,2021-12-01,Cerita Warga Gunungkidul Relakan Tanahnya Ditempati SD Selama Puluhan Tahun,cerita warga gunungkidul rela tanah tempat sd lama puluh tahun
84,84,2021-12-01,"Dua Mahasiswi Unsri Kembali Jadi Korban Pelecehan Seksual, Kali Ini Dilakukan Oknum Staf Kampus",dua mahasiswi unsri kembali jadi korban leceh seksual kali ini laku oknum staf kampus
85,85,2021-12-01,"Dengar Pidato Cak Nun, Indro Enggan Bikin Biopik Warkop DKI",dengar pidato cak nun indro enggan bikin biopik warkop dki
86,86,2021-12-01,Lirik dan Chord Lagu 5:15 AM - Mark Knopfler,lirik dan chord lagu am mark knopfler
87,87,2021-12-01,Petenis Johanna Konta Putuskan Pensiun,tenis johanna konta putus pensiun
88,88,2021-12-01,"SKK Migas: Perjalanan Menuju ""Net Zero Emission"" Bukan Sprint...",skk migas jalan tuju net zero emission bukan sprint
89,89,2021-12-01,"UPDATE 1 Desember: 292.143 Spesimen Terkait Covid-19 Diperiksa, Positivity Rate PCR 0,76 Persen",update desember spesimen kait covid periksa positivity rate pcr persen
90,90,2021-12-01,"Hikmah Raditya Dika soal Khawatirkan Masa Depan, Akhirnya Siapkan Dana Pensiun",hikmah raditya dika soal khawatir masa depan akhir siap dana pensiun
91,91,2021-12-01,"ODGJ yang Bakar Rumah Warga di Blitar Pernah Bunuh Orang, Camat: Sampai Ditolak Panti Rehabilitasi",odgj yang bakar rumah warga di blitar pernah bunuh orang camat sampai tolak panti rehabilitasi
92,92,2021-12-01,Apindo Karawang: UMK 2022 hanya Berlaku untuk Karyawan yang Belum Setahun Kerja,apindo karawang umk hanya laku untuk karyawan yang belum tahun kerja
93,93,2021-12-01,Jokowi: Saya Ingin Presidensi Indonesia di G20 Tak Sebatas Seremonial,jokowi saya ingin presidensi indonesia di g tak batas seremonial
94,94,2021-12-01,RSUD Kota Depok Siapkan Tangki Oksigen Kapasitas 10 Ton untuk Antisipasi Gelombang Ketiga Covid-19,rsud kota depok siap tangki oksigen kapasitas ton untuk antisipasi gelombang tiga covid
95,95,2021-12-01,INFOGRAFIK: Aturan Terbaru Karantina Perjalanan Internasional,infografik atur baru karantina jalan internasional
96,96,2021-12-01,Lirik dan Chord Lagu Fifteen Minutes - Mike Krol,lirik dan chord lagu fifteen minutes mike krol
97,97,2021-12-01,"Hari AIDS Sedunia, Apa Bedanya HIV dengan AIDS?",hari aids dunia apa beda hiv dengan aids
98,98,2021-12-01,9 Ruas Tol Trans-Sumatera Siap Digunakan Libur Natal dan Tahun Baru,ruas tol transsumatera siap guna libur natal dan tahun baru
99,99,2021-12-01,Ini Tarif Pajak Penghasilan Badan dan Cara Menghitungnya,ini tarif pajak hasil badan dan cara hitung
100,100,2021-12-01,90 Persen Pasien Covid-19 di Wisma Atlet Kemayoran WNI Repatriasi,persen pasien covid di wisma atlet mayor wni repatriasi
101,101,2021-12-01,"Program Pembibitan Ikan di Pangkalpinang Terancam Mandek, gara-gara Tak Ada Anggaran",program bibit ikan di pangkalpinang ancam mandek garagara tak ada anggar
102,102,2021-12-01,"Cedera Pinggang, Kento Momota Mundur dari BWF World Tour Finals 2021",cedera pinggang kento momota mundur dari bwf world tour finals
103,103,2021-12-01,"Wisatawan Mancanegara Mulai Ramai Kunjungi Jakarta, Paling Banyak dari China",wisatawan mancanegara mulai ramai kunjung jakarta paling banyak dari china
104,104,2021-12-01,8 Ras Anjing Terbaik untuk Berburu,ras anjing baik untuk buru
105,105,2021-12-01,"Bantu Atasi Stunting di Medan, Kadin Serahkan 200 Timbangan Bayi ke Kahiyang Ayu",bantu atas stunting di medan kadin serah timbang bayi ke kahiyang ayu
106,106,2021-12-01,Randy Martin Masih Betah Jomlo sejak Putus dari Cassandra Lee,randy martin masih betah jomlo sejak putus dari cassandra lee
107,107,2021-12-01,Lirik dan Chord Lagu Love Scene - Baekhyun EXO,lirik dan chord lagu love scene baekhyun exo
108,108,2021-12-01,"Rumah Dinasnya Diserang Preman, Wakil Ketua DPRD Riau Mengaku Dapat SMS Ancaman",rumah dinas serang preman wakil ketua dprd riau aku dapat sms ancam
109,109,2021-12-01,"Dua Bulan PTM Terbatas, 22 Murid dan 16 Tenaga Pendidik di Tangsel Positif Covid-19",dua bulan ptm batas murid dan tenaga didik di tangsel positif covid
110,110,2021-12-01,"1.244 Warga Depok Idap HIV/AIDS, Paling Banyak di Pancoran Mas",warga depok idap hivaids paling banyak di pancoran mas
111,111,2021-12-01,Indonesia Larang Kedatangan WNA dari 11 Negara akibat Varian Omicron,indonesia larang datang wna dari negara akibat varian omicron
112,112,2021-12-01,"Dikeluhkan karena Turun Terus , Berapa Sebenernya Anggaran MPR?",keluh karena turun terus berapa sebenernya anggar mpr
113,113,2021-12-01,Tarif Cukai Rokok Kemungkinan Terbit Pekan Depan,tarif cukai rokok mungkin terbit pekan depan
114,114,2021-12-01,"BMKG Peringatkan Potensi Siklon Tropis Teratai di Samudera Hindia, Barat Daya Lampung",bmkg ingat potensi siklon tropis teratai di samudera hindia barat daya lampung
115,115,2021-12-01,"Viral, Video Tukang Parkir Pasar Ludahi Perempuan Berdaster di Medan, Ini Kata Polisi",viral video tukang parkir pasar ludah perempuan daster di medan ini kata polisi
116,116,2021-12-01,Lirik dan Chord Lagu I Don't Wanna Have to Lie - Lolo,lirik dan chord lagu i dont wanna have to lie lolo
117,117,2021-12-01,"5 Fakta Menarik Serial Terbaru Reza Rahadian, Layangan Putus",fakta tarik serial baru reza rahadian layang putus
118,118,2021-12-01,Solidaritas Jurnalis di Semarang untuk Nurhadi Korban Kekerasan Saat Liputan,solidaritas jurnalis di semarang untuk nurhadi korban keras saat liput
119,119,2021-12-01,"Dekat dengan Kehidupan, Bony Wirasmono Sebut Film Nussa Cocok Ditonton Semua Kalangan",dekat dengan hidup bony wirasmono sebut film nussa cocok tonton semua kalang
120,120,2021-12-01,Mantan Perdana Menteri Lesotho Didakwa atas Pembunuhan Istrinya,mantan perdana menteri lesotho dakwa atas bunuh istri
121,121,2021-12-01,"Sepenggal Cerita Petani Tembakau, dari Warisan hingga Cinta...",penggal cerita tani tembakau dari waris hingga cinta
122,122,2021-12-01,5 Aplikasi Gratis untuk Berbagi File di Ponsel Android,aplikasi gratis untuk bagi file di ponsel android
123,123,2021-12-01,"Polisi: Peran 2 Terduga Teroris di Luwu Timur, Siapkan Tempat Pertemuan dan Jaga Senjata",polisi peran duga teroris di luwu timur siap tempat temu dan jaga senjata
124,124,2021-12-01,"Kesedihan Nora Alexandra Antar Jerinx ke Ruang Tahanan: Baru Bebas, Harus Masuk Lagi...",sedih nora alexandra antar jerinx ke ruang tahan baru bebas harus masuk lagi
125,125,2021-12-01,"Tiga Pelajar SMP Berkomplot dengan Residivis, Bunuh Seorang Perempuan, LPA: Ini PR Besar bagi Masyarakat dan Pemerintah",tiga ajar smp komplot dengan residivis bunuh orang perempuan lpa ini pr besar bagi masyarakat dan perintah
126,126,2021-12-01,"2 Polisi Penganiaya Jurnalis Tempo di Surabaya Dituntut 1,5 Tahun Penjara",polisi aniaya jurnalis tempo di surabaya tuntut tahun penjara
127,127,2021-12-01,Apakah Pengidap Diabetes Boleh Makan Kurma?,apakah idap diabetes boleh makan kurma
128,128,2021-12-01,Fenomena Langit Desember 2021: Super New Moon dan 7 Puncak Hujan Meteor,fenomena langit desember super new moon dan puncak hujan meteor
129,129,2021-12-01,"BWF World Tour Finals: Praveen/Melati Kembali ke Ritme Permainan, tetapi...",bwf world tour finals praveenmelati kembali ke ritme main tetapi
130,130,2021-12-01,"[HOAKS] Ada Laba-Laba Berbisa di Pantai, Bisa Membunuh dalam 5 Menit",hoaks ada labalaba bisa di pantai bisa bunuh dalam menit
131,131,2021-12-01,Penis Bengkak,penis bengkak
132,132,2021-12-01,Lirik dan Chord Lagu For Memories - Wilbur Soot,lirik dan chord lagu for memories wilbur soot
133,133,2021-12-01,Bersiap Liburan? Berikut Skenario Pembatasan di Sektor Transportasi,siap libur ikut skenario batas di sektor transportasi
134,134,2021-12-01,Firli Bahuri Berharap Tak Ada Lagi Korupsi Terkait Perizinan Investasi,firli bahuri harap tak ada lagi korupsi kait izin investasi
135,135,2021-12-01,PLN Minta Maaf Pemeliharaan PLTGU Bikin Listrik di Batam Padam,pln minta maaf pelihara pltgu bikin listrik di batam padam
136,136,2021-12-01,"100 Anak Eks Pejuang Timtim Diminta Jokowi Kerja di BUMN, Eurico Guterres: Sejarah bagi Kami",anak eks juang timtim minta jokowi kerja di bumn eurico guterres sejarah bagi kami
137,137,2021-12-01,Peringatan BMKG: Banjir Rob Diprediksi Landa Pesisir Jakarta Utara 2-9 Desember,ingat bmkg banjir rob prediksi landa pesisir jakarta utara desember
138,138,2021-12-01,Hasil BWF World Tour Finals 2021 - Marcus/Kevin Atasi Rintangan Pertama,hasil bwf world tour finals marcuskevin atas rintang pertama
139,139,2021-12-01,"Lirik dan Chord Lagu Like Rain, Like Music - Baekhyun EXO",lirik dan chord lagu like rain like music baekhyun exo
140,140,2021-12-01,Langkah Membersihkan Urine Kucing pada Karpet dan Keset,langkah bersih urine kucing pada karpet dan keset
141,141,2021-12-01,"Keributan di Cililitan, Kaca Bus Transjakarta Dipecahkan Pakai Helm",ribut di cililitan kaca bus transjakarta pecah pakai helm
142,142,2021-12-01,"Bocah 7 Tahun di Bandung Dicabuli Pedagang Mainan, Korban Diimingi Uang Rp 5.000",bocah tahun di bandung cabul dagang main korban diimingi uang rp
143,143,2021-12-01,Terduga Teroris Ditangkap di Luwu Timur Berencana Serang Aparat,duga teroris tangkap di luwu timur rencana serang aparat
144,144,2021-12-01,Aturan Naik Angkutan Umum di Jakarta selama PPKM Level 2,atur naik angkut umum di jakarta lama ppkm level
145,145,2021-12-01,5 Langkah Penting untuk Bangun Kebiasaan Hidup yang Baik,langkah penting untuk bangun biasa hidup yang baik
146,146,2021-12-01,Jeritan PKL Menyikapi Rencana Relokasi Mereka dari Kawasan Malioboro,jerit pkl sikap rencana relokasi mereka dari kawasan malioboro
147,147,2021-12-01,"Pimpinan MPR Usul Sri Mulyani Dicopot, Mensesneg: Itu Urusan Presiden",pimpin mpr usul sri mulyani copot mensesneg itu urus presiden
148,148,2021-12-01,Bakal Ada 33.000 Lapangan Kerja Baru Berkat Indonesia Jadi Presidensi G20,bakal ada lapang kerja baru berkat indonesia jadi presidensi g
149,149,2021-12-01,"BMKG Ingatkan Potensi Tsunami 8 Meter di Cilegon, Pemkot Siapkan Jalur Evakuasi Warga",bmkg ingat potensi tsunami meter di cilegon pemkot siap jalur evakuasi warga
150,150,2021-12-01,"Waspada Siklon Tropis Teratai, BMKG Ingatkan Potensi Hujan Lebat serta Angin Kencang di 5 Daerah Ini",waspada siklon tropis teratai bmkg ingat potensi hujan lebat serta angin kencang di daerah ini
151,151,2021-12-01,"Jadwal Padat Selama 2022, BTS Batal Tampil di Batam",jadwal padat lama bts batal tampil di batam
152,152,2021-12-01,Apa Pentingnya Senjata Hipersonik?,apa penting senjata hipersonik
153,153,2021-12-01,"Bicarakan Album Peaches, Kai EXO: Saya Ingin Menunjukkan Sisi Baru",bicara album peaches kai exo saya ingin tunjuk sisi baru
154,154,2021-12-01,UPN Veteran Jakarta Selalu Terbuka Informasikan Meninggalnya Mahasiswa,upn veteran jakarta selalu buka informasi tinggal mahasiswa
155,155,2021-12-01,"Menhub Resmi Perkenalkan I-Motion, Apa Itu?",menhub resmi kenal imotion apa itu
156,156,2021-12-01,Bedanya Ruang Tamu dan Ruang Keluarga,beda ruang tamu dan ruang keluarga
157,157,2021-12-01,"Petani di Bandung Makin Canggih, Dikenalkan Teknologi ""Drone"" untuk Pemupukan",tani di bandung makin canggih kenal teknologi drone untuk pupu
158,158,2021-12-01,BPBD Kotabaru Kalsel Bantah Kabar Ada Korban Tewas akibat Tanah Bergerak,bpbd kotabaru kalsel bantah kabar ada korban tewas akibat tanah gerak
159,159,2021-12-01,"Nia Ramadhani dan Ardi Bakrie Jalani Sidang Perdana Kasus Narkoba Besok, Begini Respons Kuasa Hukum",nia ramadhani dan ardi bakrie jalan sidang perdana kasus narkoba besok begini respons kuasa hukum
160,160,2021-12-01,Mahasiswa UGM Teliti Ubur-ubur sebagai Penghambat Kanker Payudara,mahasiswa ugm teliti uburubur bagai hambat kanker payudara
161,161,2021-12-01,Contoh-contoh Energi Alternatif Terbarukan,contohcontoh energi alternatif baru
162,162,2021-12-01,"Ditahan Lagi, Ini Perjalanan Kasus Jerinx SID vs Adam Deni",tahan lagi ini jalan kasus jerinx sid vs adam den
163,163,2021-12-01,Lirik dan Chord Lagu Seventeen Going Under - Sam Fender,lirik dan chord lagu seventeen going under sam fender
164,164,2021-12-01,"Kebal Krisis, Properti Syariah Tumbuh Eksponensial Selama Pandemi",kebal krisis properti syariah tumbuh eksponensial lama pandemi
165,165,2021-12-01,INFOGRAFIK: Aturan Perjalanan Darat Selama Libur Natal dan Tahun Baru 2022,infografik atur jalan darat lama libur natal dan tahun baru
166,166,2021-12-01,"Stok Kondom KPA Pangkalpinang Menipis, Padahal Dibutuhkan Penyintas HIV/AIDS",stok kondom kpa pangkalpinang tip padahal butuh sintas hivaids
167,167,2021-12-01, Menhub Ajak Milenial Jadi Pelopor Gerakan Sadar Keselamatan Berlalu Lintas,menhub ajak milenial jadi pelopor gera sadar selamat lalu lintas
168,168,2021-12-01,"BWF World Tour Finals: Kalah Start dan Buru-buru, Faktor Kekalahan Pramudya/Yeremia",bwf world tour finals kalah start dan buruburu faktor kalah pramudyayeremia
169,169,2021-12-01,Mau Sukses di Piala AFF 2020? Ikuti Aturan Ini,mau sukses di piala aff ikut atur ini
170,170,2021-12-01,"Wapres Ma'ruf Sebut Investasi Singapura Periode Januari-September Capai 7,3 Miliar Dolar AS",wapres maruf sebut investasi singapura periode januariseptember capai miliar dolar as
171,171,2021-12-01,"PMI Manufaktur RI 53,9, Kemenkeu: Langkah Pengendalian Pandemi Membuahkan Hasil",pmi manufaktur ri kemenkeu langkah kendali pandemi buah hasil
172,172,2021-12-01,UPN Veteran Jakarta: Tak Ada Tanda Kekerasan Jasad Mahasiswi yang Meninggal Saat Diklat Menwa,upn veteran jakarta tak ada tanda keras jasad mahasiswi yang tinggal saat diklat menwa
173,173,2021-12-01,Lirik dan Chord Lagu Rescue Me - Marshmello,lirik dan chord lagu rescue me marshmello
174,174,2021-12-01,"Dicoret DPRD, Anggaran Sumur Resapan Bisa untuk Tambal Gaji PJLP",coret dprd anggar sumur resap bisa untuk tambal gaji pjlp
175,175,2021-12-01,21 Kabupaten/Kota Alami Kenaikan Kasus Covid-19 Sepekan Terakhir,kabupatenkota alami naik kasus covid pek akhir
176,176,2021-12-01,Metrodata Gandeng Amazon Web Services Sediakan Layanan Transformasi dengan Cloud,metrodata gandeng amazon web services sedia layan transformasi dengan cloud
177,177,2021-12-01,"Indonesia-Seychelles Bahas Kerja Sama Ekonomi Biru, Menteri KP Berikan Apresiasi",indonesiaseychelles bahas kerja sama ekonomi biru menteri kp ikan apresiasi
178,178,2021-12-01,Gibran Larang ASN Solo Mudik dan Bepergian Saat Libur Natal dan Tahun Baru,gibran larang asn solo mudik dan pergi saat libur natal dan tahun baru
179,179,2021-12-01,"Sudah Digencarkan Sejak 2010, Pariwisata Halal di NTB Masih Digodok",sudah gencar sejak pariwisata halal di ntb masih godok
180,180,2021-12-01,5 Penyebab Kucing Berhenti Menyantap Makanan Kering,sebab kucing henti santap makan kering
181,181,2021-12-01,"Lahan Belum Dibayar, Warga Pagari Kawasan Sirkuit Mandalika dengan Pohon Pisang",lahan belum bayar warga pagar kawasan sirkuit mandalika dengan pohon pisang
182,182,2021-12-01,"Reuni 212 Diancam Pidana, Panitia: Seharusnya Polisi Mengamankan, Bukan Menakut-nakuti!",reuni ancam pidana panitia harus polisi aman bukan menakutnakuti
183,183,2021-12-01,Jokowi Kumpulkan Menteri di Istana Bahas Corona Omicron,jokowi kumpul menteri di istana bahas corona omicron
184,184,2021-12-01,"Jadi Tahanan Kejaksaan, Musisi Jerinx Pertimbangan Ajukan Penangguhan Penahanan",jadi tahan jaksa musisi jerinx timbang aju tangguh tahan
185,185,2021-12-01,"Waspada Varian Omicron, Dokter RS UNS Imbau Pemerintah Lakukan Hal Ini",waspada varian omicron dokter rs uns imbau perintah laku hal ini
186,186,2021-12-01,"Naik Motor Bebek Sampai ke Paris, Video Perjalanan Pasangan Malaysia Ini Jadi Viral",naik motor bebek sampai ke paris video jalan pasang malaysia ini jadi viral
187,187,2021-12-01,ODGJ di Blitar Mengamuk: Minggir! Biar Aku Bakar Rumah Teroris Ini,odgj di blitar amuk minggir biar aku bakar rumah teroris ini
188,188,2021-12-01,"Berkat Sinergi dan Inovasi dalam Pemulihan Ekonomi, Gojek Raih Bank Indonesia Award 2021",berkat sinergi dan inovasi dalam pulih ekonomi gojek raih bank indonesia award
189,189,2021-12-01,"3 Fakta Unik Restoran All You Can Eat, dari Mana Asalnya?",fakta unik restoran all you can eat dari mana asal
190,190,2021-12-01,"Hasil Drawing Kejuaraan Dunia Badminton 2021, 6 Wakil Indonesia Dapat ""Bye""",hasil drawing juara dunia badminton wakil indonesia dapat bye
191,191,2021-12-01,"Cegah Predator Seksual di Game Online, Pimpinan Komisi X Usul Fitur Chat Dimatikan",cegah predator seksual di game online pimpin komisi x usul fitur chat mati
192,192,2021-12-01,"Hari AIDS Sedunia, Twitter Luncurkan Notifikasi Khusus HIV di Indonesia",hari aids dunia twitter luncur notifikasi khusus hiv di indonesia
193,193,2021-12-01,"PPKM Level 3 di Tangsel, Anak 12 Tahun ke Bawah Dilarang Masuk Mal dan Bioskop",ppkm level di tangsel anak tahun ke bawah larang masuk mal dan bioskop
194,194,2021-12-01,Lirik Lagu let you - iann dior,lirik lagu let you iann dior
195,195,2021-12-01,"Pemerintah Bakal Kembali Terbitkan SKB 4 Menteri, Perjelas Ketentuan soal PTM Terbatas",perintah bakal kembali terbit skb menteri jelas tentu soal ptm batas
196,196,2021-12-01,Densus 88 Sita Senapan M16 dan 124 Peluru dari Terduga Teroris di Sulsel,densus sita senapan m dan peluru dari duga teroris di sulsel
197,197,2021-12-01,"Foto Viral Pasutri Naik Motor hingga Menara Eiffel, Begini Ceritanya",foto viral pasutri naik motor hingga menara eiffel begini cerita
198,198,2021-12-01,Momen Indro Satukan Lagi Warkop DKI Setelah Kasino dan Dono Tak Bicara 3 Tahun,momen indro satu lagi warkop dki telah kasino dan dono tak bicara tahun
199,199,2021-12-01,Pil Covid Molnupiravir MSD Akhirnya Kantongi Izin FDA,pil covid molnupiravir msd akhir kantong izin fda
